type	name	lat	long
1	北海道大学（札幌キャンパス）	43.077957	141.340013
1	北海道教育大学（札幌校）	43.168236	141.396082
1	室蘭工業大学	42.377848	141.033478
1	小樽商科大学	43.190475	140.979663
1	帯広畜産大学	42.875998	143.173171
1	北見工業大学	43.822847	143.905106
1	旭川医科大学	43.729855	142.384141
2	札幌医科大学	43.055198	141.33214
2	公立はこだて未来大学	41.841817	140.766969
2	釧路公立大学	43.018379	144.39643
2	名寄市立大学	44.364698	142.458361
2	札幌市立大学（芸術の森キャンパス）	42.944639	141.340708
2	公立千歳科学技術大学	42.793532	141.695993
2	旭川市立大学	43.816109	142.445899
3	札幌大学	43.010744	141.383641
3	札幌学院大学（江別キャンパス）	43.066588	141.493973
3	函館大学	41.788824	140.806344
3	藤女子大学（北16条キャンパス）	43.080005	141.350898
3	北星学園大学	43.024768	141.448726
3	北海学園大学（豊平キャンパス）	43.045026	141.368787
3	北海道科学大学	43.135152	141.247203
3	酪農学園大学	43.07329	141.51096
3	北海道医療大学（当別キャンパス）	43.231413	141.548781
3	北海商科大学	43.048346	141.369854
3	星槎道都大学	42.979444	141.542496
3	北海道情報大学	43.077836	141.537176
3	札幌国際大学	43.000726	141.42616
3	北翔大学	43.0646224	141.4902794
3	北洋大学	42.600832	141.467555
3	日本赤十字北海道看護大学	43.82968	143.907557
3	北海道文教大学	42.890516	141.591604
3	天使大学	43.077508	141.357461
3	育英館大学（稚内本校）	45.382804	141.717922
3	札幌大谷大学	43.082249	141.366486
3	札幌保健医療大学	43.132242	141.412683
3	日本医療大学（月寒本キャンパス）	43.0291851	141.4137343
3	北海道千歳リハビリテーション大学	42.785487	141.598217
3	北海道武蔵女子大学	43.086771	141.329752
1	弘前大学（文京町地区）	40.589483	140.472484
2	青森公立大学	40.751921	140.77219
2	青森県立保健大学	40.813933	140.792219
3	青森大学	40.784068	140.781174
3	柴田学園大学	40.580441	140.485239
3	弘前学院大学	40.583788	140.468132
3	八戸工業大学	40.479642	141.562761
3	八戸学院大学（美保野キャンパス）	40.484417	141.590742
3	青森中央学院大学	40.784291	140.762172
3	弘前医療福祉大学	40.588627	140.500355
1	岩手大学（上田キャンパス）	39.715868	141.138455
2	岩手県立大学（滝沢キャンパス）	39.802062	141.138526
3	岩手医科大学（矢巾キャンパス）	39.6102715	141.1625542
3	富士大学	39.36031	141.105031
3	盛岡大学	39.815401	141.136974
3	岩手保健医療大学	39.703258	141.132068
1	東北大学（片平キャンパス）	38.253834	140.874074
1	宮城教育大学（青葉山地区）	38.259061	140.830894
2	宮城大学（大和キャンパス）	38.348519	140.839615
3	仙台大学（船岡キャンパス）	38.051453	140.771576
3	東北学院大学（土樋キャンパス）	38.249283	140.878001
3	東北工業大学（八木山キャンパス）	38.246044	140.852242
3	東北福祉大学（国見キャンパス）	38.279856	140.847377
3	東北医科薬科大学（小松島キャンパス）	38.284621	140.885828
3	東北生活文化大学	38.303897	140.872082
3	宮城学院女子大学	38.306077	140.853999
3	石巻専修大学	38.454248	141.294973
3	仙台白百合女子大学	38.321477	140.903715
3	東北文化学園大学	38.27729	140.833028
3	尚絅学院大学	38.196054	140.829453
3	仙台青葉学院大学（五橋キャンパス）	38.253613	140.88371
1	秋田大学（手形キャンパス）	39.726796	140.133167
2	秋田県立大学（秋田キャンパス）	39.800818	140.045903
2	国際教養大学	39.626363	140.197806
2	秋田公立美術大学	39.686442	140.09082
3	ノースアジア大学	39.716538	140.157523
3	秋田看護福祉大学	40.280656	140.553414
3	日本赤十字東北看護大学	39.68585	140.154662
1	山形大学（小白川キャンパス）	38.246612	140.34937
2	東北公益文科大学（酒田キャンパス）	38.893299	139.819537
2	山形県立保健医療大学	38.297001	140.346148
2	山形県立米沢栄養大学	37.891358	140.123377
2	東北農林専門職大学	38.7293586	140.2975613
3	東北芸術工科大学（山形キャンパス）	38.218754	140.344731
3	東北文教大学	38.209893	140.303363
3	電動モビリティシステム専門職大学	38.0674753	139.9881118
1	福島大学	37.683761	140.455836
2	福島県立医科大学（光が丘キャンパス）	37.689191	140.468564
2	会津大学	37.523763	139.938025
3	郡山女子大学	37.396351	140.349889
3	奥羽大学	37.418577	140.374282
3	医療創生大学（いわきキャンパス）	37.0188	140.916894
3	東日本国際大学（鎌田キャンパス）	37.0575339	140.9080152
3	福島学院大学（宮代キャンパス）	37.799707	140.486051
1	茨城大学（水戸キャンパス）	36.400918	140.442775
1	筑波大学（筑波キャンパス）	36.108722	140.103961
1	筑波技術大学（天久保キャンパス）	36.104361	140.110459
2	茨城県立医療大学	36.026674	140.210961
3	茨城キリスト教大学	36.514437	140.61669
3	流通経済大学（新松戸キャンパス）	35.8255651	139.9165416
3	常磐大学（見和キャンパス）	36.38106	140.440505
3	つくば国際大学（つくば国際大学キャンパス）	36.107191	140.1988747
3	日本国際学園大学（つくばキャンパス）	36.087933	140.107634
3	日本ウェルネススポーツ大学（1号館）	35.8603	140.145286
3	アール医療専門職大学	36.0848947	140.2125913
1	宇都宮大学（峰キャンパス）	36.550972	139.912712
3	足利大学（大前キャンパス）	36.352896	139.39585
3	白鴎大学（本キャンパス）	36.311663	139.80704
3	作新学院大学	36.543389	139.977359
3	国際医療福祉大学（大田原キャンパス）	36.870986	140.069648
3	宇都宮共和大学（宇都宮シティキャンパス）	36.560718	139.890995
3	文星芸術大学	36.598955	139.859296
3	自治医科大学	36.399763	139.860547
3	獨協医科大学	36.472362	139.825296
1	群馬大学	36.430184	139.044707
2	高崎経済大学	36.345799	138.978611
2	前橋工科大学	36.364471	139.08095
2	群馬県立女子大学	36.297161	139.113
2	群馬県立県民健康科学大学	36.403534	139.095183
3	育英大学	36.349555	139.050794
3	ぐんま未来大学	36.377816	139.295815
3	群馬パース大学（1号館・2号館）	36.349135	139.008676
3	群馬医療福祉大学（前橋キャンパス）	36.3555043	139.0474254
3	高崎健康福祉大学	36.324721	139.05502
3	高崎商科大学	36.286799	139.03315
3	上武大学（伊勢崎キャンパス）	36.278597	139.177464
3	関東学園大学	36.285743	139.355349
3	共愛学園前橋国際大学	36.359122	139.144478
3	東京福祉大学（伊勢崎キャンパス）	36.28617	139.193791
1	埼玉大学	35.865448	139.608483
2	埼玉県立大学	35.929742	139.755905
3	日本医療科学大学	35.932111	139.343431
3	日本薬科大学（さいたまキャンパス）	35.991177	139.617167
3	武蔵野学院大学	35.8671845	139.3864793
3	浦和大学	35.8906	139.712351
3	ものつくり大学	36.115643	139.457336
3	共栄大学	35.996451	139.723507
3	埼玉学園大学	35.857094	139.714146
3	尚美学園大学	35.907486	139.459382
3	人間総合科学大学（蓮田キャンパス）	35.970453	139.657522
3	西武文理大学	35.893641	139.419212
3	十文字学園女子大学	35.799729	139.551103
3	平成国際大学（加須キャンパス）	36.100356	139.642846
3	城西大学（埼玉坂戸キャンパス）	35.931027	139.340283
3	東邦音楽大学（川越キャンパス）	35.897289	139.523649
3	獨協大学	35.839887	139.794383
3	日本工業大学（埼玉キャンパス）	36.0254	139.712872
3	明海大学（坂戸キャンパス）	35.933386	139.3412895
3	埼玉医科大学（毛呂山キャンパス）	35.9378283	139.3050682
3	埼玉工業大学	36.195271	139.238141
3	駿河台大学	35.832506	139.33387
3	聖学院大学	35.937961	139.596284
3	日本栄養大学（坂戸キャンパス）	35.952294	139.409849
3	東都大学（深谷キャンパス）	36.180204	139.298852
3	日本保健医療大学（幸手北キャンパス）	36.072736	139.731244
3	文教大学（越谷キャンパス）	35.905302	139.771521
3	教育テック大学院大学（入間キャンパス）	35.8063774	139.3661826
1	千葉大学（西千葉キャンパス）	35.626247	140.102412
2	千葉県立保健医療大学（幕張キャンパス）	35.652183	140.052001
3	放送大学（本部／千葉学習センター）	35.653283	140.049741
3	千葉科学大学（本部キャンパス）	35.701536	140.846095
3	愛国学園大学	35.666174	140.159423
3	開智国際大学	35.86163	139.988136
3	清和大学	35.376394	139.958965
3	城西国際大学（千葉東金キャンパス）	35.581928	140.391847
3	淑徳大学（千葉キャンパス）	35.574428	140.144189
3	敬愛大学（稲毛キャンパス）	35.63352	140.1036698
3	千葉工業大学（津田沼キャンパス）	35.688847	140.021364
3	千葉商科大学（市川キャンパス）	35.742079	139.906323
3	中央学院大学	35.882758	140.019209
3	麗澤大学	35.832716	139.954119
3	和洋女子大学	35.742348	139.904672
3	国際武道大学	35.160821	140.321049
3	神田外語大学	35.657239	140.044089
3	千葉経済大学	35.62872	140.110305
3	秀明大学	35.771799	140.09949
3	川村学園女子大学（我孫子キャンパス ）	35.874673	140.053149
3	東京情報大学	35.637621	140.203132
3	東京基督教大学	35.789879	140.125595
3	聖徳大学	35.783753	139.904234
3	江戸川大学（駒木キャンパス）	35.876537	139.938739
3	SBC東京医療大学	35.638377	139.926213
3	植草学園大学（千葉若葉キャンパス）	35.634552	140.182441
3	三育学院大学（大多喜キャンパス）	35.241749	140.263661
3	亀田医療大学（横渚キャンパス）	35.102028	140.100042
1	東京大学（本郷地区キャンパス）	35.712677	139.761989
1	東京外国語大学（府中キャンパス）	35.673444	139.519935
1	東京藝術大学（上野キャンパス）	35.719251	139.77225
1	お茶の水女子大学	35.718758	139.732176
1	東京学芸大学	35.705145	139.493345
1	東京農工大学（府中キャンパス）	35.684234	139.481255
1	電気通信大学	35.655653	139.544204
1	一橋大学（国立キャンパス）	35.694403	139.445458
1	政策研究大学院大学	35.663961	139.727284
1	東京海洋大学（品川キャンパス）	35.626839	139.747086
1	東京科学大学（大岡山キャンパス）	35.605123	139.68353
2	東京都立大学（南大沢キャンパス）	35.617166	139.377033
2	東京都立産業技術大学院大学	35.606505	139.749135
3	跡見学園女子大学（文京キャンパス）	35.7181037	139.7351637
3	文京学院大学（本郷キャンパス）	35.717988	139.757283
3	目白大学（新宿キャンパス）	35.71766	139.680981
3	東京成徳大学（東京キャンパス）	35.7571	139.724594
3	東洋学園大学（本郷キャンパス）	35.704668	139.757639
3	帝京平成大学（池袋キャンパス）	35.732878	139.719224
3	青山学院大学（青山キャンパス）	35.660407	139.709517
3	大妻女子大学（千代田キャンパス）	35.691098	139.743213
3	学習院大学（目白キャンパス）	35.719195	139.708198
3	北里大学（白金キャンパス）	35.644758	139.72563
3	共立女子大学（神田一ツ橋キャンパス本館）	35.6933207	139.7572299
3	慶應義塾大学（三田キャンパス）	35.648964	139.742938
3	工学院大学（新宿キャンパス）	35.690582	139.6954
3	國學院大學（渋谷キャンパス）	35.655632	139.711749
3	国士舘大学（世田谷キャンパス）	35.648139	139.653136
3	駒澤大学（駒沢キャンパス）	35.62893	139.658086
3	実践女子大学（日野キャンパス）	35.671396	139.389932
3	芝浦工業大学（豊洲キャンパス）	35.6605332	139.7948506
3	順天堂大学（本郷・お茶の水キャンパス）	35.70213	139.760834
3	上智大学（四谷キャンパス）	35.682982	139.732278
3	昭和医科大学（旗の台キャンパス）	35.608495	139.7035
3	昭和女子大学	35.645414	139.675311
3	昭和薬科大学	35.553674	139.470291
3	女子美術大学（杉並キャンパス）	35.6935095	139.6623465
3	杉野服飾大学（目黒キャンパス）	35.631602	139.715872
3	成城大学	35.642181	139.600316
3	聖心女子大学	35.651546	139.719533
3	清泉女子大学	35.627362	139.728951
3	聖路加国際大学	35.667692	139.775697
3	専修大学（神田キャンパス）	35.696854	139.753963
3	大正大学	35.742442	139.727742
3	大東文化大学（東京板橋キャンパス）	35.782096	139.668472
3	高千穂大学（杉並キャンパス）	35.682813	139.638152
3	拓殖大学（文京キャンパス）	35.715321	139.736216
3	多摩美術大学（上野毛キャンパス）	35.614115	139.63665
3	中央大学（多摩キャンパス）	35.64139	139.405716
3	東海大学（湘南キャンパス）	35.3638487	139.2744515
3	東京医科大学	35.693451	139.712321
3	東京家政大学（板橋キャンパス）	35.755972	139.720599
3	東京家政学院大学（千代田三番町キャンパス）	35.691376	139.742225
3	東京歯科大学（水道橋キャンパス・水道橋校舎本館）	35.701501	139.754917
3	東京慈恵会医科大学（西新橋キャンパス）	35.662466	139.750818
3	東京女子大学	35.709802	139.591373
3	東京女子医科大学（河田町キャンパス）	35.697586	139.72041
3	東京電機大学（東京千住キャンパス）	35.748114	139.806125
3	東京農業大学（世田谷キャンパス）	35.640656	139.632012
3	東京薬科大学	35.63861	139.383946
3	東京理科大学（神楽坂キャンパス）	35.699399	139.741398
3	東邦大学（大森キャンパス）	35.571032	139.725033
3	東洋大学（白山キャンパス）	35.723591	139.749675
3	東京音楽大学（中目黒・代官山キャンパス）	35.646921	139.699572
3	二松學舍大學（九段キャンパス）	35.692331	139.74575
3	日本大学（日本大学会館）	35.691014	139.737574
3	日本医科大学（千駄木キャンパス）	35.721516	139.759186
3	日本歯科大学（東京キャンパス）	35.69781	139.745793
3	日本社会事業大学（清瀬キャンパス）	35.766493	139.507344
3	日本女子大学（目白キャンパス）	35.716912	139.720422
3	日本女子体育大学	35.677272	139.590195
3	日本体育大学（東京・世田谷キャンパス）	35.6218	139.649162
3	ルーテル学院大学	35.688317	139.535183
3	文化学園大学	35.685199	139.694312
3	法政大学（市ケ谷キャンパス）	35.695534	139.741399
3	星薬科大学	35.619282	139.711429
3	武蔵大学（江古田キャンパス）	35.737406	139.667967
3	東京都市大学（世田谷キャンパス）	35.598323	139.651024
3	武蔵野音楽大学（江古田キャンパス）	35.741513	139.671931
3	明治大学（駿河台キャンパス）	35.697242	139.761535
3	明治学院大学（白金キャンパス）	35.637506	139.731305
3	明治薬科大学（清瀬キャンパス）	35.78235	139.505918
3	立教大学（池袋キャンパス）	35.730506	139.704029
3	立正大学（品川キャンパス）	35.620967	139.723338
3	早稲田大学（早稲田キャンパス）	35.708733	139.719649
3	国際仏教学大学院大学	35.711528	139.740954
3	東京国際工科専門職大学	35.6915291	139.6968724
3	東京保健医療専門職大学	35.6647127	139.8132843
3	情報経営イノベーション専門職大学（墨田キャンパス）	35.7112577	139.8236043
3	大学院大学至善館	35.681296	139.774286
3	東京通信大学（新宿駅前キャンパス）	35.691571	139.697084
3	国際ファッション専門職大学（東京キャンパス）	35.691571	139.697084
3	駒沢女子大学	35.627786	139.494274
3	亜細亜大学（武蔵野キャンパス）	35.704813	139.53518
3	桜美林大学（町田キャンパス）	35.581625	139.407508
3	国立音楽大学	35.732059	139.412714
3	国際基督教大学	35.687537	139.529551
3	白百合女子大学	35.668165	139.581102
3	成蹊大学	35.711582	139.573368
3	玉川大学	35.56705	139.468364
3	津田塾大学（小平キャンパス）	35.721522	139.466216
3	帝京大学（板橋キャンパス）	35.759275	139.714503
3	東京経済大学（国分寺キャンパス）	35.699779	139.490167
3	東京女子体育大学	35.688895	139.427906
3	東京神学大学	35.687993	139.534507
3	東京造形大学	35.615358	139.334875
3	桐朋学園大学（仙川キャンパス）	35.659017	139.585204
3	日本獣医生命科学大学	35.701774	139.547412
3	武蔵野大学（有明キャンパス）	35.630641	139.78663
3	武蔵野美術大学（鷹の台キャンパス）	35.72619	139.447649
3	明星大学（日野校）	35.644889	139.408481
3	和光大学	35.575005	139.473604
3	杏林大学（三鷹キャンパス）	35.67748	139.566503
3	創価大学	35.690812	139.326934
3	日本文化大学（八王子キャンパス）	35.634645	139.341793
3	東京工科大学（八王子キャンパス）	35.626303	139.33935
3	日本赤十字看護大学（広尾キャンパス）	35.653198	139.718911
3	恵泉女学園大学	35.608571	139.436114
3	多摩大学（多摩キャンパス）	35.630514	139.464281
3	東京純心大学	35.693434	139.334897
3	嘉悦大学	35.720754	139.515711
3	東京富士大学（髙田記念館）	35.7153367	139.6999574
3	LEC東京リーガルマインド大学院大学（本館）	35.699807	139.754825
3	デジタルハリウッド大学（駿河台キャンパス）	35.698564	139.766475
3	白梅学園大学	35.724436	139.451307
3	東京医療保健大学（五反田キャンパス）	35.631476	139.726413
3	東京聖栄大学	35.71795	139.856847
3	ビジネス・ブレークスルー大学（麹町校舎）	35.686058	139.737277
3	グロービス経営大学院大学（東京校）	35.685401	139.736882
3	文化ファッション大学院大学	35.684918	139.695032
3	大原大学院大学	35.6991283	139.7567172
3	東京未来大学	35.743399	139.816922
3	ハリウッド大学院大学	35.661384	139.730135
3	SBI大学院大学	35.664573	139.7395626
3	こども教育宝仙大学	35.699841	139.679171
3	東京有明医療大学	35.641901	139.79666
3	東京工芸大学（中野キャンパス）	35.6931607	139.6796368
3	産業能率大学（自由が丘キャンパス）	35.613518	139.661498
3	ヤマザキ動物看護大学（南大沢キャンパス）	35.610102	139.374448
3	東京医療学院大学	35.612223	139.429348
3	事業構想大学院大学（1号館）	35.665363	139.713655
3	社会構想大学院大学	35.712338	139.706532
3	帝京科学大学（千住キャンパス）	35.753639	139.789578
3	東京情報デザイン専門職大学	35.6959642	139.8523271
3	東京国際大学（池袋キャンパス）	35.7284138	139.7215601
3	東京経営大学	35.6987403	139.7555886
1	横浜国立大学	35.474654	139.588147
1	総合研究大学院大学（葉山キャンパス）	35.261095	139.608389
2	横浜市立大学（金沢八景キャンパス）	35.33385	139.618239
2	神奈川県立保健福祉大学（横須賀キャンパス）	35.273828	139.681169
2	川崎市立看護大学	35.535836	139.669779
3	星槎大学（箱根キャンパス）	35.268218	139.00699
3	神奈川大学（横浜キャンパス）	35.484183	139.620867
3	関東学院大学（横浜・金沢八景キャンパス）	35.323327	139.622889
3	鶴見大学	35.504954	139.672771
3	フェリス女学院大学（緑園キャンパス）	35.437147	139.650457
3	横浜商科大学（つるみキャンパス）	35.498552	139.659531
3	八洲学園大学	35.459121	139.622781
3	情報セキュリティ大学院大学	35.468085	139.623304
3	横浜薬科大学	35.384717	139.494019
3	麻布大学	35.576338	139.390494
3	神奈川歯科大学	35.28435	139.670085
3	鎌倉女子大学（大船キャンパス）	35.353051	139.539409
3	湘南工科大学	35.325043	139.45329
3	相模女子大学	35.532448	139.430215
3	洗足学園音楽大学（溝の口キャンパス）	35.594565	139.614291
3	聖マリアンナ医科大学	35.599865	139.549066
3	神奈川工科大学	35.486492	139.342669
3	昭和音楽大学（南校舎）	35.600787	139.507987
3	桐蔭横浜大学	35.566226	139.51826
3	東洋英和女学院大学（横浜校地）	35.508547	139.510643
3	松蔭大学（厚木森の里キャンパス）	35.44293	139.316314
3	田園調布学園大学	35.595218	139.524623
3	横浜美術大学	35.557255	139.497487
3	日本映画大学（新百合ヶ丘キャンパス）	35.604958	139.507627
3	横浜創英大学	35.511875	139.510419
3	湘南医療大学（東戸塚キャンパス）	35.437326	139.548933
3	湘南鎌倉医療大学	35.3426069	139.527085
3	ビューティ＆ウェルネス専門職大学	35.5693589	139.5722004
3	グローバルBiz専門職大学	35.5339581	139.7008287
3	ZEN大学（逗子キャンパス）	35.2975264	139.5701429
1	新潟大学（五十嵐キャンパス）	37.86701	138.942539
1	長岡技術科学大学	37.426744	138.77945
1	上越教育大学	37.137025	138.224899
2	新潟県立看護大学	37.105746	138.268429
2	新潟県立大学	37.9237	139.12701
2	長岡造形大学	37.466582	138.830878
2	三条市立大学	37.643842	138.9309084
3	長岡大学	37.430476	138.879152
3	新潟医療福祉大学	37.965571	139.186668
3	新潟青陵大学	37.92094	139.024658
3	新潟工科大学	37.339278	138.578992
3	新潟経営大学	37.672061	139.064022
3	新潟国際情報大学（みずき野キャンパス）	37.816781	138.900857
3	敬和学園大学	37.956325	139.292275
3	新潟薬科大学（新津キャンパス）	37.774686	139.122703
3	国際大学	37.14845	138.947662
3	新潟産業大学	37.334519	138.592923
3	開志創造大学（新潟キャンパス）	37.907991	139.061897
3	新潟リハビリテーション大学	38.185575	139.439936
3	新潟食料農業大学（胎内キャンパス）	38.087396	139.374317
3	開志専門職大学（紫竹山キャンパス）	37.8972631	139.0664564
3	長岡崇徳大学	37.424947	138.772751
1	富山大学（五福キャンパス）	36.69934	137.186143
2	富山県立大学（射水キャンパス）	36.706477	137.097504
3	高岡法科大学	36.669578	137.001335
3	富山国際大学（東黒牧キャンパス）	36.599739	137.274019
3	桐朋学園大学院大学（富山キャンパス）	36.717562	137.164896
1	金沢大学（角間キャンパス）	36.545985	136.708738
1	北陸先端科学技術大学院大学	36.444154	136.593097
2	公立小松大学（粟津キャンパス）	36.354896	136.417151
2	石川県立大学	36.506581	136.596729
2	金沢美術工芸大学	36.5475242	136.6817544
2	石川県立看護大学	36.780774	136.734158
3	金沢星稜大学	36.584169	136.682253
3	金沢工業大学（扇が丘キャンパス）	36.529954	136.627205
3	金沢医科大学	36.65534	136.646489
3	北陸大学（太陽が丘キャンパス）	36.525433	136.707513
3	金沢学院大学	36.517451	136.695055
3	金城大学（笠間キャンパス）	36.508765	136.529356
3	北陸学院大学	36.517373	136.670948
3	かなざわ食マネジメント専門職大学（白山キャンパス）	36.5451116	136.5901521
1	福井大学（文京キャンパス）	36.076954	136.211774
2	福井県立大学（永平寺キャンパス）	36.109812	136.277572
2	敦賀市立看護大学	35.64508	136.033749
3	福井工業大学（福井キャンパス）	36.068982	136.196068
3	仁愛大学	35.891428	136.211375
3	福井医療大学	36.129657	136.165943
1	山梨大学（甲府キャンパス）	35.677556	138.57392
2	都留文科大学	35.538952	138.896434
2	山梨県立大学（飯田キャンパス）	35.663622	138.555821
3	山梨学院大学（酒折キャンパス）	35.656643	138.601002
3	身延山大学	35.381528	138.427617
3	山梨英和大学	35.661634	138.613257
3	健康科学大学（富士山キャンパス）	35.464404	138.743614
1	信州大学（松本キャンパス）	36.250057	137.97894
2	公立諏訪東京理科大学	36.007798	138.183301
2	長野県立大学（三輪キャンパス）	36.666083	138.200451
2	長野県看護大学	35.745965	137.933634
2	長野大学	36.369159	138.223143
3	松本歯科大学	36.127357	137.940369
3	松本大学	36.2203199	137.9111492
3	清泉大学（上野キャンパス）	36.686137	138.236277
3	佐久大学	36.265991	138.463273
3	長野保健医療大学	36.593788	138.145155
3	松本看護大学	36.1753218	137.9351863
1	岐阜大学	35.466224	136.736575
2	岐阜薬科大学（大学本部・大学院）	35.465692	136.733819
2	岐阜県立看護大学	35.306401	136.686259
2	情報科学芸術大学院大学	35.367567	136.639469
3	中京学院大学（中津川キャンパス）	35.46778	137.489513
3	岐阜協立大学（北方キャンパス）	35.394411	136.619777
3	岐阜女子大学	35.500316	136.807491
3	朝日大学	35.381766	136.690565
3	岐阜聖徳学園大学（羽島キャンパス）	35.361317	136.706824
3	東海学院大学	35.424486	136.81728
3	中部学院大学（関キャンパス）	35.458594	136.897892
3	岐阜医療科学大学（関キャンパス）	35.491047	136.951168
3	岐阜保健大学（岐阜キャンパス）	35.384281	136.739983
3	コー・イノベーション大学（一号館）	36.2361799	137.1878483
1	静岡大学（静岡キャンパス）	34.965406	138.4317
1	浜松医科大学	34.770587	137.743291
2	静岡県立農林環境専門職大学	34.730168	137.845729
2	静岡県立大学（草薙キャンパス）	34.9947025	138.4463899
2	静岡文化芸術大学	34.712635	137.738628
2	静岡社会健康医学大学院大学	35.0017752	138.3866889
3	光産業創成大学院大学	34.776737	137.629943
3	静岡福祉大学	34.829321	138.297945
3	浜松学院大学	34.720682	137.713288
3	静岡英和学院大学	34.982668	138.437457
3	常葉大学（静岡草薙キャンパス）	35.004991	138.437736
3	静岡理工科大学（袋井キャンパス）	34.73825	137.961407
3	聖隷クリストファー大学	34.791882	137.692756
3	静岡産業大学（藤枝キャンパス）	34.8607632	138.2284544
1	名古屋大学（東山キャンパス）	35.153491	136.967573
1	名古屋工業大学	35.157135	136.924838
1	愛知教育大学	35.051864	137.050393
1	豊橋技術科学大学	34.701756	137.408635
2	名古屋市立大学（桜山キャンパス）	35.138965	136.934405
2	愛知県立芸術大学	35.168343	137.069257
2	愛知県立大学（長久手キャンパス）	35.182046	137.086797
3	愛知工科大学	34.8319863	137.1936179
3	名古屋産業大学	35.219639	137.030922
3	人間環境大学（岡崎キャンパス）	34.897489	137.264008
3	名古屋文理大学	35.248324	136.791412
3	愛知みずほ大学	35.127284	136.921846
3	愛知学院大学（日進キャンパス）	35.161123	137.046995
3	愛知工業大学（八草キャンパス）	35.184196	137.113409
3	金城学院大学	35.209687	136.995751
3	椙山女学園大学（星が丘キャンパス）	35.159282	136.987314
3	大同大学	35.079001	136.906506
3	中京大学（名古屋キャンパス）	35.13814	136.965803
3	同朋大学	35.163759	136.843385
3	名古屋学院大学（名古屋キャンパスしろとり）	35.128484	136.899267
3	名古屋商科大学（日進キャンパス）	35.154847	137.092833
3	名古屋葵大学	35.131822	136.938051
3	南山大学	35.148693	136.962841
3	日本福祉大学（美浜キャンパス）	34.7840151	136.8684978
3	名城大学（天白キャンパス）	35.135429	136.975098
3	名古屋音楽大学	35.163329	136.843066
3	豊田工業大学	35.106576	136.983018
3	名古屋外国語大学（日進キャンパス）	35.158643	137.042182
3	名古屋造形大学	35.1904798	136.9047453
3	愛知産業大学	34.920954	137.222589
3	東海学園大学（三好キャンパス）	35.126552	137.10219
3	豊橋創造大学	34.776707	137.410313
3	愛知東邦大学	35.170095	136.987066
3	星城大学（本部東海キャンパス）	35.03328	136.90108
3	愛知文教大学	35.300509	137.008092
3	桜花学園大学	35.059313	136.975203
3	愛知大学（名古屋キャンパス）	35.174623	136.927469
3	愛知学泉大学（岡崎キャンパス）	34.973355	137.144299
3	至学館大学	35.031034	136.971871
3	中部大学（春日井キャンパス）	35.273068	137.015401
3	藤田医科大学	35.071172	137.001271
3	名古屋芸術大学（東キャンパス）	35.256075	136.881039
3	愛知医科大学	35.193058	137.049614
3	愛知淑徳大学（長久手キャンパス）	35.157368	137.031727
3	名古屋経済大学（犬山キャンパス）	35.319686	136.953699
3	名古屋学芸大学（日進キャンパス）	35.157268	137.04218
3	日本赤十字豊田看護大学	35.102815	137.119358
3	修文大学	35.301165	136.781949
3	岡崎大学	34.954909	137.18549
3	一宮研伸大学	35.316778	136.81134
3	名古屋柳城女子大学 	35.146504	136.932167
3	名古屋国際工科専門職大学	35.168142	136.8857751
3	愛知医療学院大学	35.2207906	136.84033
1	三重大学	34.746375	136.521508
2	三重県立看護大学	34.760112	136.488777
3	四日市大学	35.021617	136.60807
3	皇學館大学	34.484865	136.727084
3	鈴鹿医療科学大学（千代崎キャンパス）	34.85868	136.59926
3	鈴鹿大学	34.8085696	136.5384059
3	四日市看護医療大学	35.022527	136.608346
1	滋賀大学（彦根キャンパス）	35.27815	136.246792
1	滋賀医科大学	34.973848	135.949953
2	滋賀県立大学	35.259904	136.219272
3	成安造形大学	35.109093	135.902314
3	聖泉大学	35.20501	136.20469
3	長浜バイオ大学	35.357071	136.280255
3	びわこ成蹊スポーツ大学	35.227287	135.948431
3	びわこ学院大学	35.087838	136.185429
3	びわこリハビリテーション専門職大学（びわこ東近江キャンパス）	35.1324837	136.2759743
1	京都大学（吉田キャンパス）	35.026244	135.780822
1	京都教育大学（藤森学舎）	34.950215	135.773187
1	京都工芸繊維大学（松ヶ崎キャンパス）	35.049664	135.782046
2	京都市立芸術大学	34.9866425	135.7636678
2	京都府立大学（下鴨キャンパス）	35.047217	135.767117
2	京都府立医科大学（河原町キャンパス）	35.022914	135.77003
2	福知山公立大学	35.284435	135.128119
3	平安女学院大学（京都キャンパス）	35.0196789	135.7577077
3	大谷大学（本部キャンパス）	35.042462	135.758985
3	京都外国語大学	35.004003	135.718556
3	京都産業大学	35.070487	135.757799
3	京都女子大学	34.988605	135.779842
3	京都薬科大学（本校地）	34.991117	135.809222
3	京都光華大学	34.996305	135.71883
3	種智院大学	34.914022	135.765545
3	京都橘大学	34.968495	135.826137
3	同志社大学（今出川校地）	35.029332	135.761489
3	同志社女子大学（京田辺キャンパス）	35.029654	135.763572
3	京都ノートルダム女子大学	35.050705	135.77273
3	花園大学	35.017132	135.725711
3	佛教大学（紫野キャンパス）	35.043166	135.737301
3	立命館大学（衣笠キャンパス）	35.032556	135.723304
3	龍谷大学（深草キャンパス）	34.963774	135.766386
3	京都先端科学大学（京都太秦キャンパス）	35.010542	135.718477
3	京都精華大学	35.07298	135.769268
3	明治国際医療大学	35.182144	135.48998
3	京都芸術大学（京都・瓜生山キャンパス）	35.037306	135.792239
3	京都文教大学	34.914559	135.78486
3	嵯峨美術大学（本部キャンパス）	35.01262	135.688499
3	京都情報大学院大学（百万遍キャンパス）	35.030683	135.779302
3	京都医療科学大学	35.102303	135.479447
3	京都華頂大学	35.007042	135.779731
3	京都美術工芸大学（京都東山キャンパス）	34.991283	135.768113
3	京都看護大学	34.997273	135.733985
1	大阪大学（吹田キャンパス）	34.822014	135.524468
1	大阪教育大学（柏原キャンパス）	34.551392	135.649717
2	大阪市立大学（杉本キャンパス）	34.590581	135.505031
2	大阪府立大学（中百舌鳥キャンパス）	34.54769	135.507775
2	大阪公立大学（森之宮キャンパス）	34.6870092	135.5391304
3	大阪経済大学（大隅キャンパス）	34.750058	135.544671
3	大阪工業大学（大宮キャンパス）	34.730774	135.543967
3	大阪歯科大学（楠葉キャンパス）	34.858567	135.676203
3	相愛大学（南港学舎）	34.634745	135.42776
3	桃山学院大学（和泉キャンパス）	34.450924	135.455667
3	摂南大学（寝屋川キャンパス）	34.779933	135.612042
3	大阪医科薬科大学（本部キャンパス）	34.851811	135.625421
3	大阪音楽大学（第1キャンパス）	34.753516	135.471364
3	大阪学院大学	34.773426	135.542075
3	大阪芸術大学（本学キャンパス）	34.511503	135.631253
3	大阪産業大学（中央キャンパス）	34.707785	135.639847
3	大阪樟蔭女子大学（小阪キャンパス）	34.662532	135.577648
3	大阪商業大学	34.666219	135.584641
3	大阪体育大学	34.379724	135.358499
3	大阪電気通信大学（寝屋川キャンパス）	34.76006	135.62757
3	大阪大谷大学（志学台キャンパス）	34.482164	135.58106
3	追手門学院大学（茨木総持寺キャンパス）	34.8380126	135.5772892
3	関西大学（千里山キャンパス）	34.771001	135.508608
3	関西医科大学（枚方キャンパス）	34.818454	135.645597
3	関西外国語大学（ひらかた中宮キャンパス）	34.823242	135.664149
3	近畿大学（東大阪キャンパス）	34.651185	135.588381
3	四天王寺大学	34.546055	135.584746
3	帝塚山学院大学	34.4898385	135.5323461
3	梅花女子大学	34.842637	135.535191
3	阪南大学（本キャンパス）	34.59144	135.534888
3	大阪経済法科大学（花岡キャンパス）	34.640624	135.64567
3	大阪国際大学（守口キャンパス）	34.747794	135.603263
3	関西福祉科学大学	34.557363	135.636763
3	太成学院大学	34.524929	135.578917
3	大阪常磐会大学（南キャンパス）	34.616319	135.561443
3	大阪観光大学	34.392869	135.339503
3	大阪人間科学大学（正雀学舎）	34.777673	135.550315
3	羽衣国際大学	34.534405	135.447576
3	大阪成蹊大学（相川キャンパス）	34.758971	135.537687
3	関西医療大学	34.407146	135.370086
3	千里金蘭大学	34.826821	135.514196
3	東大阪大学	34.6755	135.581543
3	大阪女学院大学	34.675883	135.527479
3	藍野大学	34.842822	135.582035
3	大阪青山大学（箕面キャンパス）	34.834072	135.456946
3	四條畷学園大学（北條キャンパス）	34.7273026	135.6466313
3	和泉大学	34.405091	135.38672
3	大阪総合保育大学（A学舎）	34.6071714	135.5387297
3	森ノ宮医療大学	34.641686	135.413736
3	大阪保健医療大学（1号館）	34.694905	135.519039
3	大阪物療大学（1号館・2号館）	34.537624	135.462603
3	滋慶医療科学大学	34.734408	135.500037
3	大阪行岡医療大学	34.828204	135.580167
3	大和大学	34.766015	135.518419
3	宝塚大学（大阪梅田キャンパス）	34.7078518	135.4969793
3	大阪国際工科専門職大学	34.6999063	135.4930213
3	大阪信愛学院大学（大学本館・1号館）	34.7115726	135.5582706
3	大阪医療大学	34.608148	135.531829
1	神戸大学（六甲台第2キャンパス）	34.725619	135.235395
1	兵庫教育大学（加東キャンパス）	34.91171	135.015971
2	神戸市外国語大学	34.67981	135.060399
2	神戸市看護大学	34.686495	135.052697
2	兵庫県立大学（神戸商科キャンパス）	34.678305	135.052104
2	芸術文化観光専門職大学	35.5394642	134.8166997
3	甲南大学（岡本キャンパス）	34.728877	135.268753
3	甲南女子大学	34.734549	135.287589
3	神戸海星女子学院大学	34.712131	135.211584
3	神戸学院大学（ポートアイランド第1キャンパス）	34.669258	135.20388
3	神戸女子大学（須磨キャンパス）	34.658076	135.10896
3	神戸薬科大学	34.732334	135.283883
3	神戸松蔭大学	34.727332	135.229552
3	神戸親和大学（鈴蘭台キャンパス）	4.728003	135.154419
3	神戸国際大学	34.680957	135.269635
3	兵庫大学	34.74771	134.880791
3	神戸常盤大学	34.66575	135.141985
3	宝塚医療大学（宝塚キャンパス）	34.844486	135.402181
3	芦屋大学	34.752628	135.306795
3	大手前大学（西宮夙川キャンパス）	34.7387909	135.3266818
3	関西学院大学（西宮上ケ原キャンパス）	34.76796	135.346569
3	甲子園大学	34.806411	135.333916
3	神戸女学院大学	34.759124	135.350715
3	園田学園大学	34.748511	135.40922
3	武庫川女子大学（中央キャンパス）	34.717208	135.374462
3	兵庫医科大学（西宮キャンパス）	34.718387	135.37896
3	姫路獨協大学	34.872226	134.689529
3	流通科学大学	34.687992	135.057517
3	神戸芸術工科大学	34.677621	135.056829
3	関西福祉大学	34.761841	134.368115
3	関西国際大学（三木キャンパス）	34.771482	135.043377
3	神戸医療未来大学（姫路キャンパス）	34.979313	134.738916
3	神戸情報大学院大学	34.698901	135.193585
3	関西看護医療大学	34.435793	134.900261
3	姫路大学	34.772108	134.758045
1	奈良教育大学	34.674121	135.842171
1	奈良女子大学	34.687905	135.828497
1	奈良先端科学技術大学院大学	34.732104	135.732839
2	奈良県立医科大学（四条キャンパス）	34.504104	135.793206
2	奈良県立大学	34.687571	135.820995
3	帝塚山大学（東生駒キャンパス）	34.686252	135.722113
3	天理大学（杣之内キャンパス）	34.597404	135.845363
3	奈良大学	34.715159	135.783197
3	奈良学園大学	34.7205137	135.7460909
3	畿央大学	34.546601	135.723228
1	和歌山大学	34.265757	135.151775
2	和歌山県立医科大学（紀三井寺キャンパス）	34.188725	135.182516
3	高野山大学（高野山キャンパス）	34.211904	135.585237
3	和歌山信愛大学	34.237283	135.176244
3	和歌山リハビリテーション専門職大学	34.2336958	135.1634729
1	鳥取大学（鳥取キャンパス）	35.515207	134.173355
2	公立鳥取環境大学	35.450813	134.255318
3	鳥取看護大学	35.4565617	133.8587568
1	島根大学（松江キャンパス）	35.486546	133.068116
2	島根県立大学（浜田キャンパス）	34.884601	132.076276
1	岡山大学（津島キャンパス）	34.687387	133.922222
2	岡山県立大学	34.691431	133.779155
2	新見公立大学	34.997283	133.442
3	吉備国際大学（高梁キャンパス）	34.797795	133.623711
3	岡山商科大学	34.683297	133.901025
3	岡山理科大学（岡山キャンパス）	34.696163	133.927288
3	くらしき作陽大学	34.575155	133.677539
3	ノートルダム清心女子大学	34.672363	133.915807
3	川崎医科大学	34.632029	133.811406
3	就実大学	34.677071	133.936208
3	川崎医療福祉大学	34.634823	133.810975
3	山陽学園大学	34.642345	133.943838
3	倉敷芸術科学大学	34.556027	133.711871
3	岡山学院大学	34.573076	133.799277
3	中国学園大学	34.6508854	133.8493305
3	環太平洋大学（第1キャンパス）	34.727645	134.012328
3	岡山医療専門職大学	34.656483	133.9163521
3	美作大学	35.07721	134.007379
1	広島大学（東広島キャンパス）	34.403123	132.714908
2	県立広島大学（広島キャンパス）	34.366613	132.469636
2	尾道市立大学	34.424161	133.161572
2	広島市立大学	34.440896	132.41724
2	福山市立大学（港町キャンパス）	34.481672	133.381579
2	叡啓大学	34.3963534	132.4683481
3	エリザベト音楽大学（幟町キャンパス）	34.3952	132.467989
3	広島経済大学（メインキャンパス）	34.448508	132.456815
3	広島工業大学（五日市キャンパス）	34.370628	132.34343
3	広島修道大学	34.433955	132.405146
3	広島女学院大学	34.413555	132.484171
3	広島文教大学	34.505531	132.519566
3	安田女子大学	34.47999	132.451918
3	福山大学	34.458438	133.229697
3	比治山大学	34.428074	132.474417
3	福山平成大学	34.549682	133.347581
3	広島文化学園大学（呉郷原キャンパス）	34.2881167	132.6378998
3	広島国際大学（東広島キャンパス）	34.313339	132.686888
3	日本赤十字広島看護大学	34.335695	132.309352
3	広島都市学園大学（宇品キャンパス）	34.360022	132.457718
1	山口大学（吉田キャンパス）	34.149232	131.469104
2	下関市立大学	33.987823	130.934685
2	山口県立大学	34.1970049	131.494135
2	山陽小野田市立山口東京理科大学	33.956932	131.187693
2	周南公立大学	34.047668	131.844346
3	梅光学院大学	33.967577	130.932721
3	東亜大学	33.999797	130.948576
3	至誠館大学（萩本校キャンパス）	34.431002	131.4217
3	宇部フロンティア大学	33.980075	131.234427
3	山口学芸大学	34.120716	131.402223
1	徳島大学（新蔵地区）	34.070001	134.559832
1	鳴門教育大学	34.202525	134.604709
3	四国大学	34.10304	134.553631
3	徳島文理大学（徳島キャンパス）	34.052718	134.557449
1	香川大学（幸町キャンパス）	34.342774	134.037969
2	香川県立保健医療大学	34.321777	134.157908
3	四国学院大学	34.2262	133.783274
3	高松大学	34.329074	134.087592
1	愛媛大学（城北地区）	33.852764	132.774425
2	愛媛県立医療技術大学	33.780848	132.798219
3	松山大学（文京キャンパス）	33.850811	132.767459
3	聖カタリナ大学（北条キャンパス）	33.975558	132.782097
3	松山東雲女子大学（桑原キャンパス）	33.832675	132.796551
1	高知大学（朝倉キャンパス）	33.549509	133.486706
2	高知県立大学（池キャンパス）	33.529929	133.583704
2	高知工科大学（香美キャンパス）	33.620596	133.719836
3	高知リハビリテーション専門職大学	33.5010463	133.4108341
3	高知学園大学	33.5609965	133.5064491
3	高知健康科学大学	33.5645925	133.5867102
1	九州工業大学（戸畑キャンパス）	33.894152	130.839226
1	福岡教育大学	33.812148	130.59461
1	九州大学（伊都キャンパス）	33.626658	130.425045
2	北九州市立大学（北方キャンパス）	33.84423	130.878559
2	九州歯科大学	33.87248	130.854101
2	福岡女子大学	33.665815	130.437949
2	福岡県立大学	33.650832	130.814834
3	九州共立大学	33.871838	130.705064
3	九州女子大学	33.8694134	130.7073393
3	九州国際大学	33.862448	130.79265
3	福岡歯科大学	33.5444711	130.333647
3	九州産業大学	33.670561	130.445929
3	久留米大学（旭町キャンパス）	33.328721	130.511184
3	西南学院大学（西新校地）	33.584991	130.354935
3	第一薬科大学	33.565646	130.420009
3	中村学園大学	33.572454	130.366729
3	西日本工業大学（おばせキャンパス）	33.753786	130.973367
3	福岡大学	33.547113	130.362745
3	福岡工業大学	33.696021	130.440875
3	日本経済大学（福岡キャンパス）	33.506122	130.525289
3	久留米工業大学	33.265617	130.537447
3	産業医科大学	33.877904	130.713936
3	筑紫女学園大学	33.513485	130.53705
3	福岡女学院大学	33.53343	130.441176
3	西南女学院大学	33.88367	130.850291
3	九州情報大学（太宰府キャンパス）	33.524512	130.540317
3	九州栄養福祉大学（小倉北区キャンパス）	33.876314	130.857584
3	日本赤十字九州国際看護大学	33.79655	130.610016
3	聖マリア学院大学	33.305869	130.508247
3	サイバー大学（福岡キャンパス）	33.662786	130.422261
3	福岡女学院看護大学	33.741243	130.473407
3	純真学園大学	33.5585166	130.4203995
3	福岡看護大学	33.546234	130.333632
3	福岡国際医療福祉大学（本館）	33.590854	130.349081
3	令和健康科学大学	33.6912173	130.4325813
3	福岡国際音楽大学	33.5108635	130.5315324
3	西日本看護医療大学	33.8588156	130.8884695
1	佐賀大学（本庄キャンパス）	33.242054	130.291528
3	武雄アジア大学	33.1914263	130.0289533
3	西九州大学（神埼キャンパス）	33.329774	130.348245
1	長崎大学（文教キャンパス）	32.785253	129.863167
2	長崎県立大学（佐世保校）	33.18586	129.666792
3	長崎総合科学大学	32.7536	129.942985
3	活水女子大学（東山手キャンパス）	32.738837	129.873481
3	長崎純心大学	32.798531	129.910418
3	長崎国際大学	33.10246	129.790763
3	長崎外国語大学	32.814234	129.841409
3	鎮西学院大学	32.860212	130.029798
1	熊本大学（黒髪南地区）	32.814038	130.727872
2	熊本県立大学	32.806007	130.7647
3	崇城大学（メインキャンパス）	32.830967	130.696494
3	熊本学園大学	32.804382	130.729336
3	尚絅大学（九品寺キャンパス）	32.797929	130.717015
3	九州ルーテル学院大学	32.820327	130.722909
3	九州看護福祉大学	32.946258	130.553534
3	平成音楽大学	32.711898	130.790531
3	熊本保健科学大学	32.853852	130.697431
1	大分大学（旦野原キャンパス）	33.177372	131.615037
2	大分県立看護科学大学	33.175445	131.54309
3	日本文理大学	33.231183	131.724358
3	別府大学（石垣キャンパス）	33.311905	131.490758
3	立命館アジア太平洋大学	33.337061	131.46842
1	宮崎大学（木花キャンパス）	31.831021	131.41262
2	宮崎公立大学	31.925164	131.418643
2	宮崎県立看護大学	31.859307	131.414743
3	南九州大学（宮崎キャンパス）	31.93656	131.415618
3	宮崎産業経営大学	31.883964	131.405164
3	宮崎国際大学	31.860755	131.395105
3	九州医療科学大学	32.568242	131.613547
1	鹿児島大学（郡元キャンパス）	31.571918	130.54524
1	鹿屋体育大学（白水キャンパス）	31.395041	130.786349
3	鹿児島国際大学（坂之上キャンパス）	31.495053	130.496115
3	第一工科大学（霧島キャンパス）	31.747045	130.768966
3	志學館大学	31.559388	130.543523
3	鹿児島純心大学	31.825333	130.328586
1	琉球大学（千原キャンパス）	26.247582	127.765142
2	名桜大学	26.624269	127.974168
2	沖縄県立芸術大学（首里当蔵キャンパス）	26.215672	127.71719
2	沖縄県立看護大学	26.206036	127.69484
3	沖縄科学技術大学院大学（OISTメインキャンパス）	26.465329	127.829672
3	沖縄国際大学	26.262626	127.754279
3	沖縄大学（本キャンパス）	26.200614	127.699665
3	沖縄キリスト教学院大学	26.238373	127.756018
4	旭川市立大学短期大学部	43.816848	142.446063
4	帯広大谷短期大学	42.989287	143.195789
4	釧路短期大学	42.986555	144.406997
4	光塩学園短期大学	42.998009	141.353352
4	札幌大谷大学短期大学部	43.082249	141.366486
4	函館大谷短期大学	41.801455	140.763261
4	函館短期大学	41.788431	140.808351
4	北星学園大学短期大学部	43.024768	141.448726
4	北翔大学短期大学部	43.0646224	141.4902794
4	拓殖大学北海道短期大学	43.716588	142.021512
4	北海道武蔵女子短期大学	43.086771	141.329752
4	札幌国際大学短期大学部	43.000726	141.42616
4	國學院大學北海道短期大学部	43.568161	141.927084
4	青森明の星短期大学（青森キャンパス）	40.823764	140.782023
4	柴田学園大学短期大学部	40.600792	140.476822
4	青森中央短期大学	40.784145	140.762166
4	八戸学院大学短期大学部	40.48447	141.589382
4	弘前医療福祉大学短期大学部	40.588627	140.500355
4	岩手県立大学盛岡短期大学部（滝沢キャンパス）	39.802062	141.138526
4	岩手県立大学宮古短期大学部（宮古キャンパス）	39.618735	141.950864
4	修紅短期大学	38.913937	141.110494
4	盛岡大学短期大学部	39.8147	141.138396
4	宮城誠真短期大学	38.580716	140.973489
4	聖和学園短期大学	38.306315	140.812178
4	東北生活文化大学短期大学部	38.303897	140.872082
4	仙台青葉学院短期大学（五橋キャンパス）	38.253613	140.88371
4	仙台赤門短期大学（1号館）	38.262293	140.838377
4	秋田栄養短期大学	39.716365	140.158051
4	聖園学園短期大学（聖園キャンパス）	39.723205	140.113938
4	聖霊女子短期大学	39.742957	140.08652
4	日本赤十字東北看護大学介護福祉短期大学部	39.68585	140.154662
4	山形県立米沢女子短期大学	37.891358	140.123377
4	羽陽学園短期大学（天童キャンパス）	38.329932	140.353651
4	東北文教大学短期大学部	38.209893	140.303363
4	会津大学短期大学部	37.506596	139.947649
4	郡山女子大学短期大学部	37.396351	140.349889
4	桜の聖母短期大学	37.763188	140.473104
4	いわき短期大学	37.0575339	140.9080152
4	福島学院大学短期大学部（宮代キャンパス）	37.799707	140.486051
4	茨城女子短期大学	36.423473	140.473708
4	つくば国際短期大学	36.107191	140.1988747
4	常磐短期大学（見和キャンパス）	36.38106	140.440505
4	佐野日本大学短期大学	36.302188	139.604812
4	宇都宮短期大学（長坂キャンパス）	36.560367	139.828425
4	國學院大學栃木短期大学	36.364227	139.702757
4	作新学院大学短期大学部	36.542789	139.977457
4	那須短期大学	36.9367549	140.0143942
4	東京福祉大学（伊勢崎キャンパス／短期大学部棟）	36.2868705	139.1931287
4	群馬医療福祉大学短期大学部（前橋キャンパス）	36.3555043	139.0474254
4	高崎商科大学短期大学部	36.286799	139.03315
4	新島学園短期大学	36.337359	139.004807
4	ぐんま未来大学短期大学部	36.377816	139.295815
4	共愛学園前橋国際大学短期大学部	36.405705	139.063679
4	育英短期大学	36.349555	139.050794
4	武蔵野短期大学	35.8671845	139.3864793
4	埼玉純真短期大学	36.162483	139.525494
4	国際学院埼玉短期大学	35.900293	139.625956
4	秋草学園短期大学	35.801799	139.46055
4	川口短期大学	35.857531	139.713559
4	埼玉医科大学短期大学（毛呂山キャンパス）	35.938294	139.3054328
4	埼玉女子短期大学（日高キャンパス）	35.894988	139.358861
4	山村学園短期大学	35.997078	139.357679
4	武蔵丘短期大学	35.8671845	139.3864793
4	埼玉東萌短期大学	35.869888	139.780246
4	千葉明徳短期大学	35.560053	140.155572
4	昭和学院短期大学	35.733103	139.930599
4	聖徳大学短期大学部	35.783753	139.904234
4	清和大学短期大学部	35.376718	139.959877
4	敬愛短期大学	35.63352	140.1036698
4	千葉経済大学短期大学部	35.628589	140.110144
4	東京経営短期大学	35.699675	139.957447
4	愛国学園短期大学	35.739772	139.881223
4	上野学園短期大学（上野キャンパス）	35.7150874	139.7818624
4	大妻女子大学短期大学部（千代田キャンパス）	35.691098	139.743213
4	共立女子短期大学（神田一ツ橋キャンパス本館）	35.6933207	139.7572299
4	国際短期大学	35.725111	139.662924
4	駒沢女子短期大学	35.627786	139.494274
4	自由が丘産能短期大学（自由が丘キャンパス7号館）	35.6134861	139.6587383
4	実践女子大学短期大学部（渋谷キャンパス）	35.658157	139.710156
4	日本栄養大学短期大学部（駒込キャンパス）	35.7390866	139.7458018
4	女子美術大学短期大学部（杉並キャンパス）	35.6935095	139.6623465
4	星美学園短期大学	35.784191	139.714884
4	帝京大学短期大学（八王子キャンパス）	35.642523	139.419646
4	帝京短期大学	35.681302	139.677949
4	戸板女子短期大学	35.651088	139.749683
4	東京家政大学短期大学部（板橋キャンパス）	35.756581	139.721377
4	東京交通短期大学	35.73987	139.709302
4	東京成徳短期大学（東京キャンパス）	35.7571	139.724594
4	新渡戸文化短期大学（東高円寺キャンパス）	35.696452	139.661903
4	東京立正短期大学	35.69102	139.646716
4	東邦音楽短期大学（文京キャンパス）	35.723102	139.731482
4	日本大学短期大学部（三島校舎）	35.131904	138.914756
4	目白大学短期大学部（新宿キャンパス）	35.717469	139.680058
4	創価女子短期大学	35.687582	139.328906
4	白梅学園短期大学	35.7251989	139.4517243
4	東京女子体育短期大学	35.688804	139.428437
4	フェリシアこども短期大学	35.570843	139.495103
4	桐朋学園芸術短期大学	35.659379	139.583459
4	山野美容芸術短期大学	35.621165	139.342138
4	日本歯科大学東京短期大学	35.7036286	139.7405299
4	東京歯科大学短期大学（水道橋校舎本館）	35.701401	139.75493
4	ヤマザキ動物看護専門職短期大学（渋谷キャンパス1号館）	35.660583	139.689095
4	有明教育芸術短期大学	35.641823	139.797282
4	貞静学園短期大学	35.71498	139.737881
4	和泉短期大学	35.551921	139.390345
4	鶴見大学短期大学部	35.504954	139.672771
4	横浜女子短期大学	35.371552	139.57726
4	昭和音楽大学短期大学部（南校舎）	35.601049	139.507878
4	上智大学短期大学部（秦野キャンパス）	35.360535	139.239694
4	小田原短期大学	35.249063	139.149819
4	鎌倉女子大学短期大学部（大船キャンパス）	35.353051	139.539409
4	相模女子大学短期大学部	35.532448	139.430215
4	洗足こども短期大学（溝の口キャンパス）	35.594656	139.615305
4	神奈川歯科大学短期大学部	35.28435	139.670085
4	湘北短期大学	35.434968	139.347004
4	新潟青陵大学短期大学部	37.92094	139.024658
4	新潟工業短期大学	37.882736	138.962341
4	新潟中央短期大学	37.672144	139.064763
4	日本歯科大学新潟短期大学	37.911362	139.010767
4	明倫短期大学	37.893972	138.9825
4	富山短期大学	36.721426	137.139921
4	富山福祉短期大学	36.726313	137.095969
4	金沢学院短期大学	36.517451	136.695055
4	金城大学短期大学部	36.508531	136.530497
4	金沢星稜大学女子短期大学部	36.584169	136.682253
4	仁愛女子短期大学	36.103445	136.217492
4	大月短期大学	35.61284	138.946648
4	山梨学院短期大学	35.655441	138.60013
4	帝京学園短期大学（山梨市キャンパス）	35.688498	138.685467
4	飯田短期大学	35.494314	137.833305
4	長野短期大学	36.665827	138.204872
4	上田短期大学	36.369682	138.220413
4	松本大学松商短期大学部	36.2203199	137.9111492
4	松本短期大学	36.175084	137.936817
4	清泉大学短期大学部（上野キャンパス）	36.686137	138.236277
4	信州豊南短期大学	35.97238	138.002352
4	佐久大学信州短期大学部	36.266194	138.463839
4	岐阜市立女子短期大学	35.425857	136.716695
4	中部学院大学短期大学部（関キャンパス）	35.458594	136.897892
4	正眼短期大学	35.504663	137.004547
4	中京学院大学短期大学部（瑞浪キャンパス）	35.384604	137.264169
4	東海学院大学短期大学部	35.423802	136.816495
4	中日本自動車短期大学	35.444407	136.970022
4	大垣女子短期大学	35.386456	136.608159
4	高山自動車短期大学	36.147471	137.234386
4	平成医療短期大学	35.458985	136.726453
4	静岡県立農林環境専門職大学短期大学部	34.730168	137.845729
4	静岡県立大学短期大学部	34.974806	138.416323
4	静岡英和学院大学短期大学部	34.982668	138.437457
4	常葉大学短期大学部（静岡草薙キャンパス）	35.004096	138.437879
4	浜松学院大学短期大学部	34.727873	137.727251
4	豊橋創造大学短期大学部	34.776707	137.410313
4	愛知学院大学短期大学部（楠元キャンパス）	35.167008	136.961422
4	名古屋文理大学短期大学部	35.199505	136.882487
4	名古屋女子大学短期大学部	35.131822	136.938051
4	名古屋短期大学	35.059126	136.975538
4	愛知みずほ短期大学	35.127279	136.921866
4	名古屋柳城短期大学	35.146511	136.932502
4	名古屋文化短期大学	35.171799	136.920718
4	愛知産業大学短期大学（1号館）	34.920954	137.222589
4	愛知工科大学自動車短期大学	34.8319863	137.1936179
4	愛知大学短期大学部（豊橋キャンパス）	34.740428	137.386532
4	愛知学泉大学短期大学部	34.973355	137.144299
4	修文大学短期大学部	35.301165	136.781949
4	愛知文教女子短期大学	35.255358	136.788371
4	岡崎短期大学	34.954909	137.18549
4	名古屋経営短期大学	35.219599	137.031215
4	愛知医療学院短期大学	35.220607	136.840298
4	津市立三重短期大学	34.748647	136.511662
4	高田短期大学	34.770279	136.509648
4	ユマニテク短期大学	34.961443	136.61598
4	滋賀文教短期大学	35.358522	136.286855
4	滋賀短期大学	34.995556	135.874049
4	びわこ学院大学短期大学部	35.087838	136.185429
4	京都経済短期大学	34.971181	135.679479
4	池坊短期大学	35.003069	135.75746
4	華頂短期大学	35.007042	135.779731
4	京都外国語短期大学	35.004003	135.718556
4	京都光華大学短期大学部	34.996305	135.71883
4	龍谷大学短期大学部（深草キャンパス）	34.963774	135.766386
4	京都文教短期大学	34.914521	135.784502
4	京都西山短期大学	34.937714	135.676365
4	嵯峨美術短期大学（本部キャンパス）	35.012645	135.688937
4	大阪キリスト教短期大学	34.636851	135.507635
4	大阪総合保育大学短期大学部（第一学舎）	34.6106855	135.5389529
4	大阪夕陽丘学園短期大学	34.659874	135.513261
4	大阪成蹊短期大学	34.759386	135.537191
4	大阪女学院短期大学	34.675883	135.527479
4	関西外国語大学短期大学部（ひらかた中宮キャンパス）	34.823242	135.664149
4	大阪常磐会大学短期大学部（北キャンパス）	34.617369	135.561054
4	堺女子短期大学	34.583834	135.497827
4	大阪音楽大学短期大学部（第1キャンパス）	34.753516	135.471364
4	大阪学院大学短期大学部	34.773426	135.542075
4	大阪千代田短期大学	34.445535	135.548902
4	関西女子短期大学	34.558123	135.636223
4	近畿大学短期大学部（21号館）	34.652208	135.587082
4	四條畷学園短期大学（清風学舎）	34.731061	135.640439
4	四天王寺大学短期大学部	34.545925	135.585264
4	大阪国際大学短期大学部（守口キャンパス）	34.747794	135.603263
4	東大阪大学短期大学部	34.6755	135.581543
4	藍野大学短期大学部（大阪阿倍野キャンパス）	34.6357858	135.5210941
4	大阪健康福祉短期大学（堺・泉ヶ丘キャンパス）	34.4960148	135.5191941
4	大阪芸術大学短期大学部（伊丹学舎）	34.8127651	135.3832226
4	大手前短期大学（西宮夙川キャンパス.）	34.7380672	135.3254563
4	神戸女子短期大学（ポートアイランドキャンパス）	34.667803	135.207948
4	頌栄短期大学	34.727208	135.248723
4	豊岡短期大学（豊岡キャンパス）	35.535591	134.805573
4	甲子園短期大学	34.743216	135.370382
4	神戸教育短期大学	34.671976	135.14404
4	関西学院短期大学（西宮聖和キャンパス）	34.761822	135.351649
4	園田学園女子大学短期大学部	34.748511	135.40922
4	産業技術短期大学	34.769757	135.381361
4	東洋食品工業短期大学	34.824458	135.400927
4	兵庫大学短期大学部	34.74771	134.880791
4	湊川短期大学	34.949165	135.158406
4	武庫川女子大学短期大学部（中央キャンパス）	34.717208	135.374462
4	姫路日ノ本短期大学	34.917612	134.728925
4	奈良芸術短期大学	34.484059	135.786131
4	大和大学白鳳短期大学部	34.590263	135.712986
4	和歌山信愛短期大学	34.200026	135.23089
4	鳥取短期大学	35.4552897	133.8593682
4	島根県立大学短期大学部（松江キャンパス）	35.439298	133.060513
4	倉敷市立短期大学	34.497801	133.808535
4	岡山短期大学	34.573076	133.799277
4	作陽短期大学	34.575155	133.677539
4	中国短期大学	34.6508854	133.8493305
4	山陽学園短期大学	34.642345	133.943838
4	川崎医療短期大学（岡山キャンパス）	34.6606638	133.9265554
4	山陽女子短期大学	34.362148	132.342497
4	比治山大学短期大学部	34.428074	132.474417
4	広島文化学園短期大学（広島長束キャンパス）	34.4316791	132.4475214
4	宇部フロンティア大学短期大学部	33.980353	131.234112
4	下関短期大学	33.962602	130.922919
4	山口短期大学	34.051181	131.493754
4	山口芸術短期大学	34.120411	131.403094
4	岩国短期大学	34.140306	132.205999
4	四国大学短期大学部	34.10304	134.553631
4	徳島文理大学短期大学部（徳島キャンパス）	34.052718	134.557449
4	徳島工業短期大学	34.142621	134.445539
4	香川短期大学	34.309301	133.80824
4	高松短期大学	34.329074	134.087592
4	せとうち観光専門職短期大学	34.3467859	134.0850536
4	今治明徳短期大学	34.060304	132.969201
4	聖カタリナ大学短期大学部（北条キャンパス）	33.975558	132.782097
4	松山東雲短期大学（桑原キャンパス）	33.832675	132.796551
4	松山短期大学（文京キャンパス）	33.8509899	132.7688644
4	高知学園短期大学	33.561881	133.5071624
4	折尾愛真短期大学	33.861597	130.709964
4	九州女子短期大学	33.8694134	130.7073393
4	西南女学院大学短期大学部	33.88367	130.850291
4	東筑紫短期大学	33.876524	130.857112
4	福岡短期大学	33.511342	130.531868
4	近畿大学九州短期大学	33.628631	130.691236
4	香蘭女子短期大学	33.552923	130.435234
4	精華女子短期大学	33.546477	130.453632
4	中村学園大学短期大学部	33.572454	130.366729
4	西日本短期大学（福浜キャンパス）	33.597812	130.367396
4	福岡工業大学短期大学部	33.695174	130.441381
4	福岡女学院大学短期大学部	33.53384	130.441155
4	九州産業大学造形短期大学部	33.671863	130.443946
4	九州大谷短期大学	33.240913	130.505527
4	福岡こども短期大学	33.506344	130.525074
4	福岡医療短期大学	33.5444711	130.333647
4	佐賀女子短期大学	33.246391	130.286383
4	西九州大学短期大学部（佐賀キャンパス）	33.271931	130.28377
4	九州龍谷短期大学	33.361318	130.476685
4	長崎女子短期大学	32.731782	129.897002
4	長崎短期大学	33.179724	129.674015
4	尚絅大学短期大学部（九品寺キャンパス）	32.797929	130.717015
4	中九州短期大学	32.477376	130.608892
4	大分県立芸術文化短期大学	33.223537	131.615624
4	大分短期大学	33.244488	131.604506
4	東九州短期大学	33.58865	131.204096
4	別府溝部学園短期大学	33.328073	131.48644
4	別府大学短期大学部（石垣キャンパス）	33.311905	131.490758
4	南九州大学短期大学部	31.937128	131.415257
4	宮崎学園短期大学	31.859843	131.394604
4	鹿児島県立短期大学	31.613712	130.532409
4	鹿児島純心女子短期大学	31.56414	130.538503
4	鹿児島女子短期大学	31.582819	130.551489
4	第一幼児教育短期大学	31.746322	130.769969
4	沖縄キリスト教短期大学	26.238373	127.756018
4	沖縄女子短期大学	26.209949	127.763325
5	海上保安大学校	34.245186	132.528079
5	気象大学校	35.859272	139.959047
5	職業能力開発総合大学校	35.738573	139.460918
5	国立看護大学校	35.773301	139.509461
5	水産大学校	34.070069	130.892764
5	防衛医科大学校	35.802621	139.469377
5	防衛大学校	35.257665	139.721765